{
  "generations": [
    0,
    1,
    2,
    3,
    4,
    5,
    6,
    7,
    8,
    9,
    10,
    11,
    12,
    13,
    14,
    15,
    16,
    17,
    18,
    19,
    20,
    21,
    22,
    23,
    24,
    25,
    26,
    27,
    28,
    29,
    30,
    31,
    32,
    33,
    34,
    35,
    36,
    37,
    38,
    39,
    40,
    41,
    42,
    43,
    44,
    45,
    46,
    47,
    48,
    49
  ],
  "best_rewards": [
    3.1700000000000013,
    3.0458333333333285,
    3.182499999999998,
    3.3166666666666678,
    3.182499999999998,
    3.1583333333333314,
    3.1924999999999994,
    3.1749999999999976,
    3.1900000000000017,
    3.2741666666666682,
    3.2733333333333303,
    3.2591666666666654,
    3.169166666666662,
    3.2341666666666646,
    3.2475000000000023,
    3.2799999999999994,
    3.275,
    3.22,
    3.266666666666668,
    3.253333333333335,
    3.31666666666667,
    3.2599999999999993,
    3.304999999999995,
    3.3083333333333353,
    3.2224999999999997,
    3.317500000000004,
    3.2716666666666687,
    3.215000000000002,
    3.322500000000003,
    3.3016666666666676,
    3.2158333333333284,
    3.2358333333333342,
    3.303333333333337,
    3.237500000000002,
    3.199166666666668,
    3.259166666666667,
    3.286666666666664,
    3.3141666666666674,
    3.3491666666666684,
    3.3291666666666715,
    3.315000000000005,
    3.239999999999999,
    3.248333333333336,
    3.235,
    3.2099999999999973,
    3.195833333333333,
    3.2475000000000054,
    3.2608333333333372,
    3.229166666666668,
    3.3333333333333353
  ],
  "mean_rewards": [
    1.1615833333333327,
    0.7355416666666664,
    1.6694583333333313,
    2.191541666666665,
    2.474041666666663,
    2.486916666666663,
    2.373208333333331,
    2.510958333333332,
    2.7027916666666654,
    2.976874999999997,
    2.963666666666664,
    2.9504166666666647,
    2.9690416666666644,
    3.0012083333333317,
    3.0706249999999984,
    3.0486666666666644,
    2.9577916666666653,
    3.0489583333333314,
    2.93025,
    3.0912499999999996,
    3.086333333333332,
    3.067083333333332,
    3.076749999999997,
    3.007999999999999,
    3.067041666666665,
    2.919583333333334,
    3.0137083333333314,
    2.5500833333333324,
    2.9869999999999983,
    3.0814583333333325,
    3.031541666666664,
    3.0561249999999975,
    3.084541666666666,
    3.0596249999999987,
    3.079458333333332,
    3.0623333333333314,
    3.093499999999997,
    3.1112083333333316,
    3.0417499999999995,
    3.100124999999999,
    3.0699999999999994,
    2.8718333333333317,
    2.9809583333333314,
    2.9982083333333325,
    3.086291666666664,
    3.0644166666666632,
    3.1134166666666654,
    3.0981666666666654,
    3.026916666666666,
    3.1275833333333325
  ],
  "survival_rates": [
    0.25,
    0.26666666666666666,
    0.7,
    0.85,
    0.8666666666666666,
    0.7666666666666666,
    0.6,
    0.6166666666666667,
    0.8833333333333334,
    0.95,
    0.9166666666666666,
    0.9833333333333334,
    0.9666666666666666,
    0.9666666666666666,
    1.0,
    1.0,
    0.95,
    0.9666666666666666,
    0.9166666666666666,
    0.9833333333333334,
    1.0,
    1.0,
    1.0,
    0.9666666666666668,
    0.9833333333333332,
    0.8333333333333334,
    0.95,
    0.7166666666666666,
    0.9666666666666666,
    0.9333333333333332,
    0.9666666666666668,
    0.9666666666666666,
    0.9666666666666666,
    0.9833333333333332,
    1.0,
    1.0,
    1.0,
    1.0,
    0.9166666666666666,
    0.9833333333333332,
    0.95,
    0.7999999999999999,
    0.9333333333333332,
    0.8833333333333334,
    1.0,
    1.0,
    0.9666666666666666,
    0.9833333333333334,
    0.9833333333333332,
    1.0
  ],
  "social_uptimes": [
    0.16956359971359394,
    0.0992125607171196,
    0.06977989172275509,
    0.13857907397037197,
    0.06549500193367812,
    0.11351272048846676,
    0.17015553862453206,
    0.17159953996372618,
    0.21538344976673257,
    0.16244635442498168,
    0.19459660033167497,
    0.17564137645107794,
    0.20365298507462684,
    0.2681430348258706,
    0.2551409618573798,
    0.20646766169154226,
    0.2596118618618618,
    0.24425610208625384,
    0.31863681592039794,
    0.2578876451077943,
    0.21774461028192374,
    0.19187396351575456,
    0.1800995024875622,
    0.2734468203026319,
    0.27806426202321727,
    0.3756252072968491,
    0.2944106739032112,
    0.29034259774179033,
    0.24844651741293539,
    0.3040920398009951,
    0.22669112769485902,
    0.20115547263681594,
    0.28807545605306795,
    0.23130265339966827,
    0.21517412935323382,
    0.21807628524046435,
    0.15953565505804312,
    0.2450248756218906,
    0.27261442786069645,
    0.27655016583747927,
    0.2947070674546052,
    0.27538819823409094,
    0.203359388898925,
    0.2436497043766674,
    0.18797678275290214,
    0.13797678275290218,
    0.24830679933665006,
    0.22321724709784413,
    0.24631094527363184,
    0.3291873963515755
  ],
  "eval_results": [
    {
      "generation": 10,
      "agent_0_avg_reward": 3.4539999999999935,
      "agent_0_survival_rate": 1.0,
      "agent_0_avg_length": 115.3,
      "agent_0_action_dist": {
        "rest": 0.6747614917606245,
        "gather_resources": 0.31743278404163056,
        "move_to": 0.007805724197745013,
        "talk_to": 0.0
      },
      "agent_0_avg_social_bonus": 0.0,
      "agent_0_social_uptime": 0.0,
      "agent_0_avg_distance": 12.258738144652979,
      "agent_1_avg_reward": 2.1069999999999967,
      "agent_1_survival_rate": 0.7,
      "agent_1_avg_length": 85.4,
      "agent_1_action_dist": {
        "rest": 0.6217798594847775,
        "gather_resources": 0.36065573770491804,
        "move_to": 0.01756440281030445,
        "talk_to": 0.0
      },
      "agent_1_avg_social_bonus": 0.0,
      "agent_1_social_uptime": 0.0,
      "agent_1_avg_distance": 12.36608981490123
    },
    {
      "generation": 20,
      "agent_0_avg_reward": 1.9799999999999975,
      "agent_0_survival_rate": 0.9,
      "agent_0_avg_length": 100.8,
      "agent_0_action_dist": {
        "rest": 0.6388888888888888,
        "gather_resources": 0.33630952380952384,
        "move_to": 0.023809523809523808,
        "talk_to": 0.000992063492063492
      },
      "agent_0_avg_social_bonus": 0.001,
      "agent_0_social_uptime": 0.001984126984126984,
      "agent_0_avg_distance": 9.481396457795112,
      "agent_1_avg_reward": 2.0764999999999967,
      "agent_1_survival_rate": 0.9,
      "agent_1_avg_length": 100.0,
      "agent_1_action_dist": {
        "rest": 0.64,
        "gather_resources": 0.344,
        "move_to": 0.014,
        "talk_to": 0.002
      },
      "agent_1_avg_social_bonus": 0.0015,
      "agent_1_social_uptime": 0.003,
      "agent_1_avg_distance": 9.485461869582059
    },
    {
      "generation": 30,
      "agent_0_avg_reward": 3.1555000000000004,
      "agent_0_survival_rate": 1.0,
      "agent_0_avg_length": 101.0,
      "agent_0_action_dist": {
        "rest": 0.6841584158415842,
        "gather_resources": 0.08316831683168317,
        "move_to": 0.2316831683168317,
        "talk_to": 0.0009900990099009901
      },
      "agent_0_avg_social_bonus": 0.12550000000000006,
      "agent_0_social_uptime": 0.2485148514851485,
      "agent_0_avg_distance": 5.64740135045956,
      "agent_1_avg_reward": 3.0965000000000003,
      "agent_1_survival_rate": 1.0,
      "agent_1_avg_length": 100.0,
      "agent_1_action_dist": {
        "rest": 0.67,
        "gather_resources": 0.083,
        "move_to": 0.244,
        "talk_to": 0.003
      },
      "agent_1_avg_social_bonus": 0.12250000000000003,
      "agent_1_social_uptime": 0.245,
      "agent_1_avg_distance": 5.678915826228982
    },
    {
      "generation": 40,
      "agent_0_avg_reward": 3.2030000000000003,
      "agent_0_survival_rate": 1.0,
      "agent_0_avg_length": 101.0,
      "agent_0_action_dist": {
        "rest": 0.6881188118811881,
        "gather_resources": 0.062376237623762376,