{
  "timestamp": "2025-11-29T16:51:44.861077",
  "config": {
    "num_episodes": 500,
    "policy": {
      "state_dim": 8,
      "action_dim": 4,
      "hidden_dim": 32,
      "learning_rate": 0.01,
      "gamma": 0.99,
      "entropy_coef": 0.01
    },
    "world": {
      "world_size": [
        20.0,
        20.0
      ],
      "num_agents": 1,
      "max_steps": 200,
      "energy_decay_per_step": 0.02,
      "rest_energy_gain": 0.05,
      "move_energy_cost": 0.03,
      "talk_energy_cost": 0.02,
      "gather_energy_cost": 0.04,
      "initial_food": 5,
      "food_consumption_interval": 10,
      "starvation_health_penalty": 0.1,
      "gather_food_min": 1,
      "gather_food_max": 3,
      "social_radius": 3.0,
      "seed": 10049
    }
  },
  "training_history": {
    "generations": [
      0,
      1,
      2,
      3,
      4,
      5,
      6,
      7,
      8,
      9,
      10,
      11,
      12,
      13,
      14,
      15,
      16,
      17,
      18,
      19,
      20,
      21,
      22,
      23,
      24,
      25,
      26,
      27,
      28,
      29,
      30,
      31,
      32,
      33,
      34,
      35,
      36,
      37,
      38,
      39,
      40,
      41,
      42,
      43,
      44,
      45,
      46,
      47,
      48,
      49
    ],
    "best_rewards": [
      6.000000000000004,
      6.000000000000004,
      6.000000000000004,
      6.000000000000004,
      6.000000000000004,
      6.000000000000004,
      6.000000000000004,
      6.000000000000004,
      6.000000000000004,
      6.000000000000004,
      6.000000000000004,
      6.000000000000004,
      6.000000000000004,
      6.000000000000004,
      6.000000000000004,
      6.000000000000004,
      6.000000000000004,
      6.000000000000004,
      6.000000000000004,
      6.000000000000004,
      6.000000000000004,
      6.000000000000004,
      6.000000000000004,
      6.000000000000004,
      6.000000000000004,
      6.000000000000004,
      6.000000000000004,
      6.000000000000004,
      6.000000000000004,
      6.000000000000004,
      6.000000000000004,
      6.000000000000004,
      6.000000000000004,
      6.000000000000004,
      6.000000000000004,
      6.000000000000004,
      6.000000000000004,
      6.000000000000004,
      6.000000000000004,
      6.000000000000004,
      6.000000000000004,
      6.000000000000004,
      6.000000000000004,
      6.000000000000004,
      6.000000000000004,
      6.000000000000004,
      6.000000000000004,
      6.000000000000004,
      6.000000000000004,
      6.000000000000004
    ],
    "mean_rewards": [
      2.238000000000001,
      2.4626666666666672,
      4.256333333333336,
      5.426666666666669,
      5.33066666666667,
      5.738333333333336,
      5.683333333333337,
      5.918666666666671,
      5.563333333333336,
      5.8590000000000035,
      5.916333333333338,
      5.620833333333336,
      5.899833333333338,
      6.000000000000004,
      6.000000000000004,
      5.9551666666666705,
      5.687000000000004,
      6.000000000000004,
      5.999333333333338,
      6.000000000000004,
      5.998666666666671,
      6.000000000000004,
      5.992333333333337,
      5.997000000000004,
      5.999333333333338,
      5.997333333333338,
      5.986333333333338,
      5.826000000000004,
      6.000000000000004,
      5.867166666666671,
      5.58966666666667,
      5.432166666666669,
      5.961666666666671,
      5.7723333333333375,
      5.904000000000004,
      5.973833333333338,
      6.000000000000004,
      5.973833333333338,
      5.93616666666667,
      6.000000000000004,
      5.814833333333338,
      5.934166666666671,
      5.894666666666671,
      5.983333333333338,
      5.994000000000004,
      5.999166666666671,
      5.987500000000004,
      5.908833333333337,
      5.390833333333337,
      5.987500000000004
    ],
    "survival_rates": [
      0.4666666666666667,
      0.5,
      0.8,
      0.9833333333333334,
      0.9,
      1.0,
      0.9666666666666666,
      1.0,
      0.95,
      1.0,
      0.9833333333333334,
      0.9833333333333334,
      0.9833333333333334,
      1.0,
      1.0,
      1.0,
      0.95,
      1.0,
      1.0,
      1.0,
      1.0,
      1.0,
      1.0,
      1.0,
      1.0,
      1.0,
      1.0,
      0.9833333333333334,
      1.0,
      0.9666666666666666,
      0.9,
      0.9,
      1.0,
      0.95,
      0.9833333333333334,
      1.0,
      1.0,
      1.0,
      1.0,
      1.0,
      0.9666666666666666,
      0.9833333333333334,
      0.9833333333333334,
      1.0,
      1.0,
      1.0,
      1.0,
      0.9833333333333334,
      0.9166666666666666,
      1.0
    ],
    "eval_results": [
      {
        "generation": 5,
        "avg_reward": 6.000000000000005,
        "survival_rate": 1.0,
        "avg_length": 200.0,
        "action_dist": {
          "rest": 0.866,
          "gather_resources": 0.11825,
          "move_to": 0.01575,
          "talk_to": 0.0
        }
      },
      {
        "generation": 10,
        "avg_reward": 6.000000000000005,
        "survival_rate": 1.0,
        "avg_length": 200.0,
        "action_dist": {
          "rest": 0.86725,
          "gather_resources": 0.11875,
          "move_to": 0.014,
          "talk_to": 0.0
        }
      },
      {
        "generation": 15,
        "avg_reward": 6.000000000000005,
        "survival_rate": 1.0,
        "avg_length": 200.0,
        "action_dist": {
          "rest": 0.8665,
          "gather_resources": 0.11875,
          "move_to": 0.01475,
          "talk_to": 0.0
        }
      },
      {
        "generation": 20,
        "avg_reward": 6.000000000000005,
        "survival_rate": 1.0,
        "avg_length": 200.0,
        "action_dist": {
          "rest": 0.8675,
          "gather_resources": 0.11875,
          "move_to": 0.01375,
          "talk_to": 0.0
        }
      },
      {
        "generation": 25,
        "avg_reward": 6.000000000000005,
        "survival_rate": 1.0,
        "avg_length": 200.0,
        "action_dist": {
          "rest": 0.8645,
          "gather_resources": 0.12075,
          "move_to": 0.01475,
          "talk_to": 0.0
        }
      },
      {
        "generation": 30,
        "avg_reward": 6.000000000000005,
        "survival_rate": 1.0,
        "avg_length": 200.0,
        "action_dist": {
          "rest": 0.868,
          "gather_resources": 0.11925,
          "move_to": 0.01275,
          "talk_to": 0.0
        }
      },
      {
        "generation": 35,
        "avg_reward": 6.000000000000005,
        "survival_rate": 1.0,
        "avg_length": 200.0,
        "action_dist": {
          "rest": 0.8695,
          "gather_resources": 0.11875,
          "move_to": 0.01175,
          "talk_to": 0.0
        }
      },
      {
        "generation": 40,
        "avg_reward": 6.000000000000005,
        "survival_rate": 1.0,
        "avg_length": 200.0,
        "action_dist": {
          "rest": 0.86725,
          "gather_resources": 0.12125,
          "move_to": 0.0115,
          "talk_to": 0.0
        }
      },
      {
        "generation": 45,
        "avg_reward": 6.000000000000005,
        "survival_rate": 1.0,
        "avg_length": 200.0,
        "action_dist": {
          "rest": 0.86875,
          "gather_resources": 0.11775,
          "move_to": 0.0135,
          "talk_to": 0.0
        }
      },
      {
        "generation": 50,
        "avg_reward": 6.000000000000005,
        "survival_rate": 1.0,
        "avg_length": 200.0,
        "action_dist": {
          "rest": 0.862,
          "gather_resources": 0.12275,
          "move_to": 0.01525,
          "talk_to": 0.0
        }
      }
    ]
  },
  "final_evaluation": {
    "avg_reward": 6.000000000000005,
    "survival_rate": 1.0,
    "avg_length": 200.0,
    "action_dist": {
      "rest": 0.8634,
      "gather_resources": 0.1203,
      "move_to": 0.0163,
      "talk_to": 0.0
    }
  },
  "heuristic_baseline": {
    "avg_reward": 5.812800000000002,
    "survival_rate": 1.0,